word,Lemmazeichengestaltangabe mit Äquivalentenangabe,Angabe zur Konjuktionsform,Grammatikangabe zum Verb,wd,,Satzbauplan,Aktantenklassenangabe,Pragma-tische Angabe,Usbekische Bedeutungsparaphrasenangabe/dt. Bedeutungsparaphrasenangabe,Kompetenzbeispielangabe,Verd. Verweisang. 
adashmoq,adashmoq,,o'timsiz, ,,tb - F,kimsa adashadi,,1. Yoʻlini yoʻqotib qoʻymoq. ," Adashgan kimsadek, Furqat, qayon borgum bilolmasman. Furqat]] .",
,ir-ren,"irrt, irrte, hat/ist geirrt",VI , ist,,enom – V ,jmd. irrt irgendwo, geh.," ziellos umherstreifen, den Weg nicht kennen ",Sie ist stundenlang durch die Straßen geirrt.,GWDF
,ir-ren,"irrt, irrte, hat/ist geirrt",Vr,hat,(mit SICH),enom – V ,jmd. irrt sich in etw. Dat. ,,verwechseln ,Ich habe mich in der Türe geirrt. Irren ist menschlich Sprichwort Jeder Mensch kann sich einmal irren.,GWDF
,um-her-ir-ren,"irrt umher, irrte umher, ist umhergeirrt",VI , ist,,enom – V –  (eadv),jmd. irrt (irgendwo) umher,," in alle Richtungen gehen, ohne den Weg zu wissen ","im Wald/in der Stadt umherirren, Wir sind lange umhergeirrt, ehe wir das Stadion gefunden hatten.",GWDF
,ver-ir-ren,"verwirrt, verwirrte, hat verwirrt",Vr,hat,(mit SICH),enom – V –  (eadv),jmd. verirrt sich (irgendwo),," sich verlaufen unterwegs die Orientierung verlieren, so dass man ratlos hin- und herläuft"," Ich glaube, jetzt haben wir uns verirrt!, Er hatte sich im Wald verirrt.",GWDF
,ver-ir-ren,"verwirrt, verwirrte, hat verwirrt",Vr,hat,(mit SICH),enom – V ,jmd. verirrt sich irgendwohin,, zufällig irgendwohin kommen ,Wir haben uns in dieses Gasthaus verirrt.,GWDF
,he-rum-ir-ren,"irrt herum, irrte herum, ist herumgeirrt",VI , ist,,enom – V ,jmd. Irrt herum [EDWDS] ,,"durch eine Gegend gehen od. fahren, ohne den (richtigen) Weg zu wissen ≈ umherirren: ",im Wald herumirren,GWDFF
,fehl-ge-hen,[Kein Vorschlag zum Formkommentar],VI , ist,,enom – V ,jmd. geht fehl,geh., sich verirren ,"Wir sind einige Male fehlgegangen, ehe wir das gesuchte Haus gefunden haben.",GWDF
,ver-lau-fen,"verläuft, verlief, ist/hat verlaufen",Vr,hat,(mit SICH),enom – V –  (eadv),jmd. verläuft sich (irgendwo),, sich verirren in einer unübersichtlichen Gegend laufen und dann den Weg nicht mehr wissen ,Wir hatten uns im Wald verlaufen.,GWDF
,ab-kom-men,"kommt ab, kam ab, ist abgekommen",VI , ist,,enom – V –  eadv,jmd. kommt von etw. Dat. ab,,sich vom Weg oder Thema entfernen, Das Schiff ist vom Kurs abgekommen.,GWDF
,ver-rei-ten,"verreitet, verritt, hat verritten",Vr,hat,(mit SICH),enom – V ,jmd. verreitet sich [EDWDS] ,,"sich reitend verirren, einen falschen Weg reiten","Er verritt sich mit Stute Capeline, eine Stange fiel unglücklich – Knöchelprellung! [Bild, 08.05.1998]",
,ver-flie-gen,"verfliegt, verflog, hat/ist verflogen",Vr,hat,(mit SICH),enom – V ,jmd./etw. verfliegt sich ,,beim Fliegen in eine falsche Richtung geraten,das Flugzeug hat sich verflogen,
,ver-fah-ren,"verfährt, verfuhr, hat/ist verfahren",VI , ist,,enom – V ,jmd. verfährt[EDWDS] ,,mit einem Fahrzeug einen falschen Weg fahren,,
,ir-re-fah-ren,"fährt irre, fuhr irre, ist irregefahren",VI , ist,,enom – V ,jmd. fährt irreewds,,"sich verfahren, einen falschen Weg fahren","mehrere Stunden waren die Ausflügler irregefahren, bis sie endlich den Gasthof fanden",
,adashmoq,,o'timsiz,,,tb - F,kimsa adashadi,,"2. Notoʻgʻri (xato) ish tutmoq, notoʻgʻri yoʻlga kirmoq. "," Ha, oʻz manfaatini xalq manfaatidan yuqori qoʻyganlar doim adashadi. Uygʻun . ",
,ab-kom-men,"kommt ab, kam ab, ist abgekommen",VI , ist,,enom – V –  eadv,jmd. kommt von etw. Dat. ab,,sich vom Weg oder Thema entfernen, Das Schiff ist vom Kurs abgekommen.,GWDF
,adashmoq,,o'timsiz,,,tb - F,kimsa adashadi,,"2. Notoʻgʻri (xato) ish tutmoq, notoʻgʻri yoʻlga kirmoq. "," Ha, oʻz manfaatini xalq manfaatidan yuqori qoʻyganlar doim adashadi. Uygʻun . ",
,ab-kom-men,"kommt ab, kam ab, ist abgekommen",VI , ist,,enom – V –  eadv,jmd. kommt von etw. Dat. ab,,sich vom Weg oder Thema entfernen, Das Schiff ist vom Kurs abgekommen.,GWDF
,ir-ren,"irrt, irrte, hat/ist geirrt",Vr,hat,(mit SICH),enom – V ,jmd. irrt sich (in etw. Dat.),, sich verrechnen, Er hatte sich in der Summe geirrt.,GWDF
,,,,,,,,,,,
Aldamoq,cdvdvd,wdw,,,,,,,,,
